loki_1.csv:rs238148 	rs238148 	C/T 	95 	40 	55 
loki_10.csv:rs238148 	rs238148 	T/T 	96 	1 	95 
loki_11.csv:rs238148 	rs238148 	T/T 	103 	0 	103 
loki_12.csv:rs238148 	rs238148 	T/T 	147 	0 	147 
loki_13.csv:rs238148 	None 	C/C 	123 	None 	None 
loki_14.csv:rs238148 	rs238148 	T/T 	98 	0 	98 
loki_15.csv:rs238148 	rs238148 	C/T 	72 	38 	34 
loki_16.csv:rs238148 	rs238148 	T/T 	97 	0 	97 
loki_17.csv:rs238148 	rs238148 	T/T 	114 	0 	113 
loki_18.csv:rs238148 	rs238148 	T/T 	64 	0 	64 
loki_19.csv:rs238148 	rs238148 	T/T 	95 	1 	94 
loki_2.csv:rs238148 	rs238148 	C/T 	95 	42 	53 
loki_20.csv:rs238148 	rs238148 	T/T 	108 	0 	108 
loki_21.csv:rs238148 	rs238148 	T/T 	59 	0 	59 
loki_22.csv:rs238148 	rs238148 	C/T 	104 	56 	48 
loki_23.csv:rs238148 	rs238148 	C/T 	78 	38 	40 
loki_24.csv:rs238148 	rs238148 	T/T 	122 	0 	122 
loki_25.csv:rs238148 	rs238148 	T/T 	54 	0 	54 
loki_26.csv:rs238148 	rs238148 	T/T 	83 	0 	83 
loki_27.csv:rs238148 	rs238148 	C/T 	92 	41 	51 
loki_28.csv:rs238148 	rs238148 	T/T 	79 	0 	79 
loki_29.csv:rs238148 	rs238148 	C/T 	122 	50 	71 
loki_3.csv:rs238148 	rs238148 	C/T 	80 	40 	40 
loki_30.csv:rs238148 	rs238148 	T/T 	47 	0 	47 
loki_31.csv:rs238148 	rs238148 	T/T 	95 	0 	95 
loki_32.csv:rs238148 	rs238148 	T/T 	141 	0 	140 
loki_33.csv:rs238148 	rs238148 	T/T 	112 	0 	112 
loki_34.csv:rs238148 	rs238148 	T/T 	87 	1 	86 
loki_35.csv:rs238148 	rs238148 	T/T 	104 	0 	104 
loki_36.csv:rs238148 	None 	C/C 	83 	None 	None 
loki_37.csv:rs238148 	rs238148 	T/T 	109 	0 	109 
loki_38.csv:rs238148 	rs238148 	T/T 	71 	0 	71 
loki_39.csv:rs238148 	rs238148 	T/T 	130 	0 	130 
loki_4.csv:rs238148 	rs238148 	T/T 	79 	0 	79 
loki_40.csv:rs238148 	rs238148 	T/T 	92 	0 	92 
loki_41.csv:rs238148 	rs238148 	T/T 	103 	0 	103 
loki_42.csv:rs238148 	rs238148 	T/T 	95 	0 	95 
loki_43.csv:rs238148 	rs238148 	C/T 	82 	10 	72 
loki_44.csv:rs238148 	rs238148 	C/T 	89 	47 	42 
loki_45.csv:rs238148 	rs238148 	T/T 	73 	0 	73 
loki_46.csv:rs238148 	rs238148 	T/T 	92 	0 	92 
loki_47.csv:rs238148 	rs238148 	T/T 	59 	0 	59 
loki_5.csv:rs238148 	rs238148 	T/T 	64 	0 	64 
loki_6.csv:rs238148 	rs238148 	T/T 	93 	0 	93 
loki_8.csv:rs238148 	rs238148 	T/T 	108 	0 	108 
loki_9.csv:rs238148 	rs238148 	T/T 	102 	0 	102 
