chr	start	ref	alt	Func.refGene	Gene.refGene	ExonicFunc.refGene	AAChange.refGene	esp6500si_all	1000g2012apr_all	intDb_alleleFrequency(132)	intDb_genotypeFrequency(66)	intDb_filter	snp137	QUAL	FILTER	GT_genotype	AD_AlleleDepth	DP_depth	avsift	LJB2_SIFT	LJB2_PolyPhen2_HDIV	LJB2_LRT	LJB2_MutationTaster	LJB_MutationAssessor	LJB2_FATHMM	LJB2_GERP++	LJB2_PhyloP	LJB2_SiPhy	repeatMasker	phastConsElements46way	GQ_genotypeQuality	PL_genotypeProbability	vcfInfo
2	166892788	C	T	exonic	SCN1A	nonsynonymous SNV	SCN1A:NM_001165963:exon16:c.G3199A:p.A1067T	0.723205	0.79	0.68	0.42	PASS	rs2298771	3594.01	PASS	hom-1/1	0,93	93	0.5	0.640000	0.0	0.797044	0.000098	0.06	-3.78	-2.85	-0.778000	16.3124	NA	NA	99	3594,274,0	AC=2;AF=1.00;AN=2;DB;DP=93;DS;Dels=0.00;FS=0.000;HaplotypeScore=0.0000;MLEAC=2;MLEAF=1.00;MQ=69.59;MQ0=1;QD=38.65;SB=-9.510e+02;VQSLOD=6.4444;culprit=QD;set=variant
2	166893081	G	A	intronic	SCN1A	NA	NA	0.732416	0.79	0.68	0.42	PASS	rs7601520	1224	PASS	hom-1/1	0,34	34	NA	NA	NA	NA	NA	NA	NA	NA	NA	NA	NA	NA	96	1257,96,0	AC=2;AF=1.00;AN=2;DB;DP=34;DS;Dels=0.00;FS=0.000;HaplotypeScore=0.0000;MLEAC=2;MLEAF=1.00;MQ=69.75;MQ0=0;QD=36.00;SB=-1.190e+02;VQSLOD=6.4699;culprit=HaplotypeScore;set=variant
2	166894230	T	C	intronic	SCN1A	NA	NA	NA	0.78	0.68	0.42	PASS	rs2020318	3864.01	PASS	hom-1/1	1,102	103	NA	NA	NA	NA	NA	NA	NA	NA	NA	NA	Score=709;Name=L1PA2_709	NA	99	3864,270,0	AC=2;AF=1.00;AN=2;BaseQRankSum=1.598;DB;DP=103;DS;Dels=0.00;FS=0.000;HaplotypeScore=0.9578;MLEAC=2;MLEAF=1.00;MQ=70.00;MQ0=0;MQRankSum=0.118;QD=37.51;ReadPosRankSum=0.824;SB=-6.519e-03;VQSLOD=5.0401;culprit=QD;set=variant
2	166895913	CTT	C	intronic	SCN1A	NA	NA	NA	NA	0.14	0.03	PASS	rs199995171	989.96	PASS	hom-1/1	50,16	58	NA	NA	NA	NA	NA	NA	NA	NA	NA	NA	NA	NA	99	1032,108,0	AC=2;AF=1.00;AN=2;BaseQRankSum=-0.456;DB;DP=66;DS;FS=0.000;HaplotypeScore=99.0899;MLEAC=2;MLEAF=1.00;MQ=68.00;MQ0=7;MQRankSum=-0.091;QD=15.00;RPA=17,15;RU=T;ReadPosRankSum=0.000;SB=-3.930e+02;STR;set=variant2
2	166896143	T	G	intronic	SCN1A	NA	NA	0.723214	0.79	0.68	0.42	PASS	rs2126152	1983	PASS	hom-1/1	0,53	53	NA	NA	NA	NA	NA	NA	NA	NA	NA	NA	NA	NA	99	2016,150,0	AC=2;AF=1.00;AN=2;DB;DP=53;DS;Dels=0.00;FS=0.000;HaplotypeScore=0.0000;MLEAC=2;MLEAF=1.00;MQ=69.56;MQ0=0;QD=37.42;SB=-2.420e+02;VQSLOD=6.9980;culprit=QD;set=variant
2	166897864	A	G	exonic	SCN1A	synonymous SNV	SCN1A:NM_001165963:exon13:c.T2292C:p.V764V	0.723358	0.79	0.68	0.42	PASS	rs6432860	4639.01	PASS	hom-1/1	1,144	145	NA	NA	NA	NA	NA	NA	NA	NA	NA	NA	NA	Score=631;Name=lod=488	99	4639,358,0	AC=2;AF=1.00;AN=2;BaseQRankSum=-0.885;DB;DP=145;DS;Dels=0.00;FS=0.000;HaplotypeScore=2.6112;MLEAC=2;MLEAF=1.00;MQ=68.58;MQ0=5;MQRankSum=-1.159;QD=31.99;ReadPosRankSum=-1.034;SB=-2.050e+03;VQSLOD=3.3117;culprit=QD;set=variant
2	166897989	G	A	intronic	SCN1A	NA	NA	NA	NA	0.02	0.03	PASS	rs199507113	14.18	LowQual	het-0/1	67,20	87	NA	NA	NA	NA	NA	NA	NA	NA	NA	NA	NA	NA	44	44,0,1963	AC=1;AF=0.500;AN=2;BaseQRankSum=-3.873;DP=87;DS;Dels=0.00;FS=33.000;HaplotypeScore=6.5249;MLEAC=1;MLEAF=0.500;MQ=68.86;MQ0=2;MQRankSum=-0.548;QD=0.16;ReadPosRankSum=1.813;SB=-6.519e-03;set=FilteredInAll
2	166898003	A	AA	intronic	SCN1A	NA	NA	NA	NA	0.3	0.47	PASS	NA	1030.97	PASS	het-0/1	65,32	102	NA	NA	NA	NA	NA	NA	NA	NA	NA	NA	NA	NA	99	1070,0,178	AC=1;AF=0.500;AN=2;BaseQRankSum=1.056;DP=110;DS;FS=8.260;HaplotypeScore=79.3122;MLEAC=1;MLEAF=0.500;MQ=67.14;MQ0=8;MQRankSum=1.151;QD=9.37;ReadPosRankSum=-0.352;SB=-3.650e+02;set=variant2
2	166900606	A	C	intronic	SCN1A	NA	NA	0.727168	0.79	0.58	0.36	PASS	rs6753355	2028	PASS	hom-1/1	0,52	52	NA	NA	NA	NA	NA	NA	NA	NA	NA	NA	NA	NA	99	2061,157,0	AC=2;AF=1.00;AN=2;DB;DP=52;DS;Dels=0.00;FS=0.000;HaplotypeScore=0.8667;MLEAC=2;MLEAF=1.00;MQ=69.60;MQ0=0;QD=39.00;SB=-4.001e+01;VQSLOD=4.2814;culprit=QD;set=variant
2	166903228	C	T	intronic	SCN1A	NA	NA	0.483077	0.49	0.42	0.55	PASS	rs6432861	462.01	PASS	het-0/1	26,16	42	NA	NA	NA	NA	NA	NA	NA	NA	NA	NA	NA	NA	99	492,0,889	AC=1;AF=0.500;AN=2;BaseQRankSum=-2.007;DB;DP=42;DS;Dels=0.00;FS=0.000;HaplotypeScore=0.0000;MLEAC=1;MLEAF=0.500;MQ=70.00;MQ0=0;MQRankSum=0.609;QD=11.00;ReadPosRankSum=-1.127;SB=-6.519e-03;VQSLOD=5.4949;culprit=QD;set=variant
2	166903445	T	C	exonic	SCN1A	synonymous SNV	SCN1A:NM_001165963:exon9:c.A1212G:p.V404V	0.639628	0.72	0.66	0.38	PASS	rs7580482	4785.01	PASS	hom-1/1	1,134	135	NA	NA	NA	NA	NA	NA	NA	NA	NA	NA	NA	Score=696;Name=lod=896	99	4785,327,0	AC=2;AF=1.00;AN=2;BaseQRankSum=0.295;DB;DP=135;DS;Dels=0.00;FS=5.071;HaplotypeScore=2.7324;MLEAC=2;MLEAF=1.00;MQ=70.00;MQ0=0;MQRankSum=0.141;QD=35.44;ReadPosRankSum=-0.398;SB=-1.503e+03;VQSLOD=2.3557;culprit=HaplotypeScore;set=variant
2	166904025	G	A	intronic	SCN1A	NA	NA	NA	0.48	0.42	0.55	PASS	rs11690959	883.01	PASS	het-0/1	21,28	49	NA	NA	NA	NA	NA	NA	NA	NA	NA	NA	NA	NA	99	913,0,549	AC=1;AF=0.500;AN=2;BaseQRankSum=4.354;DB;DP=49;DS;Dels=0.00;FS=0.000;HaplotypeScore=1.9427;MLEAC=1;MLEAF=0.500;MQ=69.58;MQ0=0;MQRankSum=0.333;QD=18.02;ReadPosRankSum=1.061;SB=-6.519e-03;VQSLOD=2.4891;culprit=QD;set=variant
2	166904346	G	A	intronic	SCN1A	NA	NA	NA	0.79	0.68	0.42	PASS	rs1461193	3528.01	PASS	hom-1/1	0,92	93	NA	NA	NA	NA	NA	NA	NA	NA	NA	NA	NA	NA	99	3528,271,0	AC=2;AF=1.00;AN=2;DB;DP=93;DS;Dels=0.00;FS=0.000;HaplotypeScore=0.0000;MLEAC=2;MLEAF=1.00;MQ=69.40;MQ0=1;QD=37.94;SB=-7.501e+01;VQSLOD=6.5853;culprit=QD;set=variant
2	166905375	A	G	intronic	SCN1A	NA	NA	0.476671	0.49	0.52	0.65	PASS	rs1542484	1229.01	PASS	het-0/1	49,42	91	NA	NA	NA	NA	NA	NA	NA	NA	NA	NA	Score=203;Name=(CATA)n_203	NA	99	1259,0,1568	AC=1;AF=0.500;AN=2;BaseQRankSum=3.316;DB;DP=91;DS;Dels=0.00;FS=4.001;HaplotypeScore=0.0000;MLEAC=1;MLEAF=0.500;MQ=70.00;MQ0=0;MQRankSum=1.310;QD=13.51;ReadPosRankSum=-0.840;SB=-2.730e+02;VQSLOD=7.1687;culprit=HaplotypeScore;set=variant
2	166905480	G	A	intronic	SCN1A	NA	NA	0.639569	0.72	0.66	0.38	PASS	rs994399	2931	PASS	hom-1/1	0,80	80	NA	NA	NA	NA	NA	NA	NA	NA	NA	NA	NA	NA	99	2964,226,0	AC=2;AF=1.00;AN=2;DB;DP=80;DS;Dels=0.00;FS=0.000;HaplotypeScore=0.0000;MLEAC=2;MLEAF=1.00;MQ=70.00;MQ0=0;QD=36.64;SB=-4.300e+02;VQSLOD=5.7896;culprit=HaplotypeScore;set=variant
2	166915014	A	G	intronic	SCN1A	NA	NA	NA	0.24	0.14	0.21	PASS	rs8191987	432.01	PASS	het-0/1	33,15	48	NA	NA	NA	NA	NA	NA	NA	NA	NA	NA	NA	NA	99	462,0,1130	AC=1;AF=0.500;AN=2;BaseQRankSum=3.025;DB;DP=48;DS;Dels=0.00;FS=0.000;HaplotypeScore=0.0000;MLEAC=1;MLEAF=0.500;MQ=70.00;MQ0=0;MQRankSum=-0.133;QD=9.00;ReadPosRankSum=0.890;SB=-6.519e-03;VQSLOD=5.7402;culprit=QD;set=variant
6	33399778	C	T	intronic	SYNGAP1	NA	NA	NA	0.24	0.24	0.39	PASS	rs9394145	200.01	PASS	het-0/1	4,7	11	0	0.010000	.	.	0.289388	.	2.23	2.78	0.462000	5.7862	NA	Score=532;Name=lod=193	99	230,0,113	AC=1;AF=0.500;AN=2;BaseQRankSum=0.000;DB;DP=11;DS;Dels=0.00;FS=0.000;HaplotypeScore=0.0000;MLEAC=1;MLEAF=0.500;MQ=70.00;MQ0=0;MQRankSum=0.896;QD=18.18;ReadPosRankSum=-2.037;SB=-1.010e+02;VQSLOD=5.3295;culprit=QD;set=variant
6	33414626	T	C	intronic	SYNGAP1	NA	NA	NA	0.96	0.76	0.71	PASS	rs3119027	437	PASS	hom-1/1	0,14	15	NA	NA	NA	NA	NA	NA	NA	NA	NA	NA	NA	NA	42	470,42,0	AC=2;AF=1.00;AN=2;DB;DP=15;DS;Dels=0.00;FS=0.000;HaplotypeScore=0.0000;MLEAC=2;MLEAF=1.00;MQ=68.08;MQ0=0;QD=29.13;SB=-7.600e+01;VQSLOD=3.7368;culprit=MQ;set=variant
15	89859932	A	AC	UTR3	FANCI,POLG	NA	NA	0.310304	0.32	0.36	0.48	PASS	NA	1177.97	PASS	het-0/1	33,32	65	NA	NA	NA	NA	NA	NA	NA	NA	NA	NA	NA	NA	99	1217,0,1144	AC=1;AF=0.500;AN=2;BaseQRankSum=1.065;DB;DP=65;DS;FS=2.711;HaplotypeScore=10.5423;MLEAC=1;MLEAF=0.500;MQ=74.65;MQ0=0;MQRankSum=6.386;QD=18.12;RPA=2,3;RU=C;ReadPosRankSum=0.942;SB=-1.860e+02;STR;set=variant2
15	89860653	G	T	exonic	POLG	synonymous SNV	POLG:NM_002693:exon22:c.C3597A:p.T1199T	0.008694	0.0041	0.02	0.05	PASS	rs2307443	986.01	PASS	het-0/1	38,37	75	NA	NA	NA	NA	NA	NA	NA	NA	NA	NA	NA	Score=605;Name=lod=384	99	1016,0,1191	AC=1;AF=0.500;AN=2;BaseQRankSum=-5.156;DB;DP=76;DS;Dels=0.00;FS=2.476;HaplotypeScore=0.0000;MLEAC=1;MLEAF=0.500;MQ=69.81;MQ0=0;MQRankSum=0.620;QD=12.97;ReadPosRankSum=1.447;SB=-1.870e+02;VQSLOD=3.7784;culprit=HaplotypeScore;set=variant
15	89860786	A	C	intronic	POLG	NA	NA	0.435452	0.43	0.38	0.48	PASS	rs2307438	1133.01	PASS	het-0/1	48,41	90	NA	NA	NA	NA	NA	NA	NA	NA	NA	NA	NA	NA	99	1163,0,1412	AC=1;AF=0.500;AN=2;BaseQRankSum=5.371;DB;DP=90;DS;Dels=0.00;FS=0.000;HaplotypeScore=1.6208;MLEAC=1;MLEAF=0.500;MQ=70.00;MQ0=0;MQRankSum=0.037;QD=12.59;ReadPosRankSum=0.490;SB=-2.650e+02;VQSLOD=6.6069;culprit=HaplotypeScore;set=variant
15	89862341	A	G	intronic	POLG	NA	NA	NA	0.33	0.36	0.48	PASS	rs2302084	1133.01	PASS	het-0/1	43,41	84	NA	NA	NA	NA	NA	NA	NA	NA	NA	NA	NA	NA	99	1163,0,1242	AC=1;AF=0.500;AN=2;BaseQRankSum=-3.721;DB;DP=84;DS;Dels=0.00;FS=0.000;HaplotypeScore=0.5784;MLEAC=1;MLEAF=0.500;MQ=69.58;MQ0=1;MQRankSum=0.068;QD=13.49;ReadPosRankSum=0.852;SB=-4.130e+02;VQSLOD=4.5999;culprit=ReadPosRankSum;set=variant
15	89862366	T	C	intronic	POLG	NA	NA	0.312125	0.32	0.36	0.48	PASS	rs2246900	1057.01	PASS	het-0/1	32,34	66	NA	NA	NA	NA	NA	NA	NA	NA	NA	NA	NA	NA	99	1087,0,1078	AC=1;AF=0.500;AN=2;BaseQRankSum=1.405;DB;DP=66;DS;Dels=0.00;FS=1.097;HaplotypeScore=0.0000;MLEAC=1;MLEAF=0.500;MQ=70.00;MQ0=0;MQRankSum=-0.391;QD=16.02;ReadPosRankSum=-0.763;SB=-3.090e+02;VQSLOD=7.9102;culprit=HaplotypeScore;set=variant
15	89863928	T	G	intronic	POLG	NA	NA	NA	0.46	0.35	0.45	PASS	rs2307449	141.01	PASS	het-0/1	4,5	9	NA	NA	NA	NA	NA	NA	NA	NA	NA	NA	NA	NA	99	171,0,120	AC=1;AF=0.500;AN=2;BaseQRankSum=2.219;DB;DP=9;DS;Dels=0.00;FS=3.522;HaplotypeScore=0.0000;MLEAC=1;MLEAF=0.500;MQ=70.00;MQ0=0;MQRankSum=0.361;QD=15.67;ReadPosRankSum=1.159;SB=-6.519e-03;VQSLOD=7.6501;culprit=HaplotypeScore;set=variant
15	89864316	G	GCTAC	intronic	POLG	NA	NA	0.575811	NA	0.4	0.47	PASS	rs2307433	3731	PASS	het-0/1	77,48	126	NA	NA	NA	NA	NA	NA	NA	NA	NA	NA	NA	NA	99	3731,0,4692	AC=1;AF=0.500;AN=2;BaseQRankSum=0.927;DB;DP=128;DS;FS=3.359;HaplotypeScore=22.0895;MLEAC=1;MLEAF=0.500;MQ=73.32;MQ0=1;MQRankSum=8.293;QD=29.15;ReadPosRankSum=1.570;SB=-1.307e+03;set=variant2
15	89866954	A	G	intronic	POLG	NA	NA	NA	0.32	0.28	0.35	PASS	rs2072266	331.01	PASS	het-0/1	14,13	27	NA	NA	NA	NA	NA	NA	NA	NA	NA	NA	NA	NA	99	361,0,428	AC=1;AF=0.500;AN=2;BaseQRankSum=1.877;DB;DP=27;DS;Dels=0.00;FS=0.000;HaplotypeScore=0.0000;MLEAC=1;MLEAF=0.500;MQ=68.69;MQ0=1;MQRankSum=0.180;QD=12.26;ReadPosRankSum=-0.540;SB=-3.001e+01;VQSLOD=2.7068;culprit=QD;set=variant
15	89867154	A	G	intronic	POLG	NA	NA	0.576858	0.53	0.4	0.47	PASS	rs2072267	630.01	PASS	het-0/1	18,24	42	NA	NA	NA	NA	NA	NA	NA	NA	NA	NA	NA	NA	99	660,0,604	AC=1;AF=0.500;AN=2;BaseQRankSum=-2.895;DB;DP=42;DS;Dels=0.00;FS=0.000;HaplotypeScore=0.0000;MLEAC=1;MLEAF=0.500;MQ=67.71;MQ0=2;MQRankSum=-1.237;QD=15.00;ReadPosRankSum=-0.856;SB=-9.901e+01;VQSLOD=1.3943;culprit=MQ;set=variant
15	89869768	A	AC	intronic	POLG	NA	NA	NA	0.27	0.28	0.38	PASS	rs3176183	426.97	PASS	het-0/1	15,14	27	NA	NA	NA	NA	NA	NA	NA	NA	NA	NA	NA	NA	99	466,0,486	AC=1;AF=0.500;AN=2;BaseQRankSum=-2.256;DB;DP=29;DS;FS=3.771;HaplotypeScore=2.2770;MLEAC=1;MLEAF=0.500;MQ=72.41;MQ0=1;MQRankSum=4.392;QD=14.72;RPA=3,4;RU=C;ReadPosRankSum=-0.315;SB=-1.860e+02;STR;set=variant2
15	89876236	C	A	intronic	POLG	NA	NA	NA	0.46	0.28	0.35	PASS	rs2283430	294.01	PASS	het-0/1	8,10	18	NA	NA	NA	NA	NA	NA	NA	NA	NA	NA	Score=290;Name=L2a_290	NA	99	324,0,221	AC=1;AF=0.500;AN=2;BaseQRankSum=-1.466;DB;DP=18;DS;Dels=0.00;FS=5.614;HaplotypeScore=0.0000;MLEAC=1;MLEAF=0.500;MQ=70.00;MQ0=0;MQRankSum=0.933;QD=16.33;ReadPosRankSum=-0.133;SB=-3.001e+01;VQSLOD=7.3127;culprit=HaplotypeScore;set=variant
19	50366057	C	A	intronic	PNKP	NA	NA	0.001314	NA	NA	NA	NA	NA	160.01	VQSRTrancheSNP99.00to99.90	het-0/1	6,6	12	NA	NA	NA	NA	NA	NA	NA	NA	NA	NA	NA	NA	99	190,0,161	AC=1;AF=0.500;AN=2;BaseQRankSum=-1.532;DP=12;DS;Dels=0.00;FS=3.424;HaplotypeScore=0.9159;MLEAC=1;MLEAF=0.500;MQ=67.02;MQ0=1;MQRankSum=-0.143;QD=13.33;ReadPosRankSum=1.408;SB=-6.519e-03;VQSLOD=-0.0638;culprit=MQ;set=FilteredInAll
19	50368361	T	A	intronic	PNKP	NA	NA	0.392464	0.34	0.39	0.41	PASS	rs1290649	212.01	PASS	het-0/1	12,9	21	NA	NA	NA	NA	NA	NA	NA	NA	NA	NA	NA	NA	99	242,0,393	AC=1;AF=0.500;AN=2;BaseQRankSum=-1.528;DB;DP=22;DS;Dels=0.00;FS=5.651;HaplotypeScore=0.0000;MLEAC=1;MLEAF=0.500;MQ=70.00;MQ0=0;MQRankSum=-0.888;QD=9.64;ReadPosRankSum=-1.030;SB=-1.020e+02;VQSLOD=5.5997;culprit=QD;set=variant
19	50369666	G	A	exonic	PNKP	nonsynonymous SNV	PNKP:NM_007254:exon3:c.C188T:p.A63V	0.000615	0.0005	NA	NA	NA	rs3739173	1802.01	PASS	het-0/1	70,64	134	0.94	0.460000	0.002	0.070944	0.218275	1.04	2.27	3.91	2.488000	11.722	NA	Score=431;Name=lod=75	99	1832,0,2103	AC=1;AF=0.500;AN=2;BaseQRankSum=-6.843;DB;DP=134;DS;Dels=0.00;FS=0.656;HaplotypeScore=0.8321;MLEAC=1;MLEAF=0.500;MQ=69.74;MQ0=1;MQRankSum=0.912;QD=13.45;ReadPosRankSum=-0.588;SB=-7.490e+02;VQSLOD=4.1407;culprit=HaplotypeScore;set=variant
20	62043227	A	G	intronic	KCNQ2	NA	NA	NA	0.01	NA	NA	NA	rs62208003	33.01	LowQual	het-0/1	1,2	3	0.07	0.030000	.	0.349515	0.006307	.	-6.06	4.86	1.955000	14.739	NA	Score=703;Name=lod=962	30	63,0,30	AC=1;AF=0.500;AN=2;BaseQRankSum=0.736;DB;DP=3;DS;Dels=0.00;FS=0.000;HaplotypeScore=0.0000;MLEAC=1;MLEAF=0.500;MQ=70.00;MQ0=0;MQRankSum=0.736;QD=11.00;ReadPosRankSum=0.736;SB=-3.201e+01;set=FilteredInAll
20	62046496	C	CGACAGACA	intronic	KCNQ2	NA	NA	NA	NA	0.84	0.83	PASS	rs112006486	1050.97	PASS	hom-1/1	7,10	18	NA	NA	NA	NA	NA	NA	NA	NA	NA	NA	NA	NA	30	1093,30,0	AC=2;AF=1.00;AN=2;DB;DP=18;DS;FS=0.000;HaplotypeScore=1.8530;MLEAC=2;MLEAF=1.00;MQ=75.49;MQ0=0;QD=58.39;RPA=3,5;RU=GACA;SB=-8.144e-04;STR;set=variant2
X	18631235	G	A	intronic	CDKL5	NA	NA	NA	NA	0.33	0.65	LowQual;TruthSensitivityTranche99.00to99.90;TruthSensitivityTranche99.90to100.00;VQSRTrancheSNP99.00to99.90;VQSRTrancheSNP99.90to100.00	NA	60.01	VQSRTrancheSNP99.00to99.90	het-0/1	29,17	46	NA	NA	NA	NA	NA	NA	NA	NA	NA	NA	Score=1158;Name=AluJb_1158	NA	90	90,0,830	AC=1;AF=0.500;AN=2;BaseQRankSum=-1.150;DP=46;DS;Dels=0.00;FS=5.146;HaplotypeScore=10.2365;MLEAC=1;MLEAF=0.500;MQ=59.95;MQ0=12;MQRankSum=-0.937;QD=1.30;ReadPosRankSum=0.596;SB=-6.519e-03;VQSLOD=-2.8499;culprit=QD;set=FilteredInAll
X	99662827	C	G	exonic	PCDH19	nonsynonymous SNV	PCDH19:NM_001184880:exon1:c.G769C:p.V257L	0.000191	NA	0.01	0.02	PASS	rs201713027	1818.01	PASS	het-0/1	55,60	115	0.12	0.280000	0.999	0.000000	0.998806	2.15	0.38	5.95	2.498000	19.254	NA	Score=466;Name=lod=104	99	1848,0,1465	AC=1;AF=0.500;AN=2;BaseQRankSum=5.283;DP=115;DS;Dels=0.00;FS=16.147;HaplotypeScore=0.8941;MLEAC=1;MLEAF=0.500;MQ=68.94;MQ0=3;MQRankSum=-0.878;QD=15.81;ReadPosRankSum=1.333;SB=-8.090e+02;VQSLOD=0.5924;culprit=FS;set=variant
X	135080623	C	CT	intronic	SLC9A6	NA	NA	0.706749	NA	0.78	0.41	PASS	NA	1852.97	PASS	het-0/1	53,63	115	NA	NA	NA	NA	NA	NA	NA	NA	NA	NA	NA	NA	99	1892,0,138	AC=1;AF=0.500;AN=2;BaseQRankSum=1.229;DB;DP=117;DS;FS=2.786;HaplotypeScore=48.6807;MLEAC=1;MLEAF=0.500;MQ=74.75;MQ0=2;MQRankSum=4.947;QD=15.84;RPA=12,13;RU=T;ReadPosRankSum=-0.019;SB=-5.490e+02;STR;set=variant2
X	153357614	TA	T	intronic	MECP2	NA	NA	NA	NA	0.01	0.02	LowQual;QDFilter	NA	59.97	PASS	het-0/1	23,5	17	NA	NA	NA	NA	NA	NA	NA	NA	NA	NA	NA	Score=699;Name=lod=923	99	99,0,302	AC=1;AF=0.500;AN=2;BaseQRankSum=0.680;DP=28;DS;FS=0.000;HaplotypeScore=6.5415;MLEAC=1;MLEAF=0.500;MQ=54.26;MQ0=11;MQRankSum=0.566;QD=2.14;RPA=13,12;RU=A;ReadPosRankSum=0.000;SB=-8.144e-04;STR;set=variant2
