/Volumes/data1.odin/001_exome/diagnosticSamples//EE/Sample_Diag-excap15-D11-2749-KIT-AI50MbXT.130716_SN586_0171_AD28J5ACXX/060_delivery/Sample_Diag-excap15-D11-2749-KIT-AI50MbXT.130716_SN586_0171_AD28J5ACXX.snp.raw.snpFingerPrintingTest.vcf									
Sample_Diag-excap15-D11-2749-KIT-AI50MbXT 									
RS	RS	REF	ALT	Genotype	readDepth	allelic depth REF	allelic depth ALT	CHROM	POS
rs786906 	rs786906 	T 	C 	C/C 	221 	0 	219 	1 	89271574
rs2296292 	rs2296292 	A 	C 	C/C 	154 	0 	153 	1 	183086757
rs1137288 	None 	T 	None 	T/T 	150 	None 	None 	2 	30381505
rs1485175 	rs1485175 	T 	C 	T/C 	130 	61 	69 	3 	7620789
rs3749507 	rs3749507 	A 	G 	G/G 	169 	0 	168 	4 	128565000
rs3108237 	rs3108237 	G 	A 	A/A 	259 	0 	259 	4 	186112111
rs6596422 	None 	G 	None 	G/G 	111 	None 	None 	5 	137426447
rs1700490 	None 	G 	None 	G/G 	144 	None 	None 	5 	176402401
rs3736782 	None 	C 	None 	C/C 	184 	None 	None 	6 	26505403
rs257376 	rs257376 	G 	A 	G/A 	151 	80 	70 	7 	106799997
rs2241802 	None 	A 	None 	A/A 	218 	None 	None 	8 	28384712
rs944510 	None 	C 	None 	None 	None 	None 	None 	9 	117853022
rs2901343 	rs2901343 	C 	T 	C/T 	330 	163 	166 	10 	124457906
rs1446464 	rs1446464 	C 	A 	A/A 	139 	0 	139 	11 	8486310
rs1057908 	rs1057908 	T 	G 	G/G 	153 	0 	153 	12 	49230035
rs9707144 	rs9707144 	T 	C 	T/C 	131 	66 	65 	13 	25356053
rs3814871 	None 	G 	None 	None 	None 	None 	None 	14 	71444788
rs1267657 	rs1267657 	T 	C 	T/C 	191 	108 	83 	15 	83215251
rs33910368 	None 	A 	None 	None 	None 	None 	None 	16 	70569215
rs3851 	rs3851 	A 	C 	A/C 	161 	90 	71 	17 	4686414
rs9958735 	rs9958735 	T 	C 	T/C 	194 	92 	102 	18 	56247180
rs238148 	rs238148 	C 	T 	T/T 	129 	0 	129 	20 	47850182
rs1053744 	rs1053744 	A 	G 	A/G 	79 	35 	44 	22 	50885775
